Column_1,Column_2,Column_3,Column_4,Column_5
0.6184915152472141,0.5771388559223718,0.8586723009406049,0.986164956394588,0.40190684368060103
0.7803814839454454,0.8635651450385842,0.5408112772511782,0.81449498709502,0.9885654913002924
0.8943040774051562,0.5077890677273271,0.8597168337284148,0.6735271985880971,0.7040485932108436
0.8639766434696432,0.6684967263081879,0.41604856466655904,0.8132926406787924,0.04371872804121324
0.9464331739740762,0.4112020945486853,0.0965428279901761,0.8347317132984255,0.07784610493562039
0.503311588057395,0.6902363532750905,0.9452726462741821,0.8717582908877881,0.3800032408208688
0.6291517108118304,0.893437212576342,0.32209167219607515,0.12303632634061823,0.6563009855743113
0.7841801160532469,0.929603943525992,0.011417997879530684,0.5913718905856036,0.9005347269107674
0.7630166798129103,0.8151236326437037,0.37234404789654507,0.7012509161013118,0.8045539913722337
0.2008876490184962,0.4744340785012008,0.40581873317701844,0.5584521446158267,0.9717751417935574
0.7588649725716603,0.6209813098703626,0.03650290744605689,0.9849494265867456,0.8437206438029361
0.061921063801054554,0.9837495894615282,0.4544038105124091,0.710578421959423,0.59943365604468
0.8948032788119993,0.3427841381571143,0.7087721123383075,0.0636605717532408,0.6295310751352438
0.8440661184638428,0.07260288915327151,0.1881412938864685,0.42727396275224916,0.22177289957827828
0.9359158330853841,0.9876222328338183,0.9842476057015123,0.2695644086138773,0.5202282298031841
0.7908567893852232,0.8977488753063345,0.5149860056462192,0.6477793680383201,0.07671955681958242
0.455841478837852,0.7937670347453887,0.6283934113096408,0.18593149104661733,0.8639231853022219
0.07734553411831235,0.9275432154005987,0.6523913442227038,0.40851811488772904,0.08762725028094642
0.471497652151872,0.516592462823632,0.007506934227691886,0.018850214107772656,0.6754015622073035
0.0747356015067282,0.7019857822352827,0.06766493950431152,0.07853062321216642,0.6499412813022953

